Drug,selected_terms,selected_terms_w_cases,Drug name in Russian,Active compound in Russian,target_med,normalized_med,drugbank_id
интерферон-альфа,,"['генферон', 'альфаферон', 'локферон', 'интерферон', 'виферон', 'генферона', 'альфаферона', 'локферона', 'интерферона', 'виферона', 'генферону', 'альфаферону', 'локферону', 'интерферону', 'виферону', 'генфероне', 'альфафероне', 'локфероне', 'интерфероне', 'альфафероне', 'генфероном', 'альфафероном', 'локфероном', 'интерфероном', 'вифероном']",интерферон-альфа,интерферон-альфа,interferon alfa,interferon alfa,DB00105
fluticasone,"['фликсоназе', 'флутиказон', 'кутивейт', 'синофлурин', 'фенивейт', 'назарел', 'фликсотид']","['флутиказону', 'флутиказон', 'назарел', 'кутивейту', 'фенивейту', 'фликсотидом', 'флутиказоном', 'назарелом', 'синофлурин', 'фликсотида', 'фенивейт', 'фенивейте', 'синофлурину', 'синофлурина', 'фликсоназе', 'кутивейте', 'кутивейта', 'флутиказоне', 'кутивейт', 'фенивейта', 'синофлурине', 'фликсотиде', 'кутивейтом', 'фликсотид', 'фликсотиду', 'синофлурином', 'фенивейтом', 'назарелу', 'флутиказона', 'назареле', 'назарела', 'назарел', 'назарела', 'назарелом', 'кутивейт']", флутиказон,флутиказон,fluticasone,fluticasone,DB13867
ремдесивир,,"['ремдесивир', 'ремдесивира', 'ремдесивиру', 'ремдесивире']",ремдесивир, remdesivir,remdesivir,DB14761
ritonavir+lopinavir,,"['калетра', 'калетре', 'калетрой', 'калетру', 'калетры']",калетра,ритонавир+лопинавир,ritonavir+lopinavir,ritonavir+lopinavir,DB00503+DB01601
levothyroxine,,"['эутирокс', 'эутирокса', 'эутироксе', 'эутироксом', 'l-тироксин', 'тиро', 'тирок', 'тирока', 'тироксин', 'тироксина', 'тироксине', 'тироксином', 'тироксину', 'тироку', 'lтироксин', 'левотироксин', 'левотироксина', 'левотироксином', 'баготирокс']", левотироксин,левотироксин,levothyroxine,levothyroxine,DB00451
favipiravir,,"['фавипиравир', 'фавипиравира', 'фавипиравиром', 'фавипиравиру', 'авифавир', 'авифавира', 'авифавире', 'авифавиром', 'авифавиру', 'арепливир', 'арепливира', 'арепливире', 'арепливиром', 'арепливиру', 'коронавир', 'коронавира', 'коронавире', 'коронавиром', 'коронавиру']", фавипиравир,фавипиравир,favipiravir,favipiravir,DB12466
acetaminophen,,"['парацетамол', 'парацетамола', 'парацетамоле', 'парацетамолом', 'парацетамолу']",парацетамол,парацетамол,acetaminophen,acetaminophen,DB00316
azithromycin,,"['азитромицин', 'азитромицина', 'азитромицине', 'азитромицином', 'азитромицину']", азитромицин,азитромицин,azithromycin,azithromycin,DB00207
amoxicillin,,"['амоксициллин', 'амоксициллина', 'амоксициллине', 'амоксициллином', 'амоксициллину']", амоксициллин,амоксициллин,amoxicillin,amoxicillin,DB01060
umifenovir,,"['арбидол', 'афлюдол', 'арбидола', 'арбидоле', 'арбидолом', 'арбидолу', 'умифеновир', 'умифеновира', 'умифеновиром', 'умифеновиру']",умифеновир,умифеновир,umifenovir,umifenovir,DB13609
hydroxychloroquine,,"['гидроксихлорохин', 'гидроксихлорохина', 'гидроксихлорохине', 'гидроксихлорохином']", гидроксихлорохин,hydroxychloroquine,hydroxychloroquine,hydroxychloroquine,DB01611
ibandronate,,"['бонвива', 'бонвивы', 'бондронат', 'ибандронат', 'ибандроната']", ибандронат,ibandronate,ibandronate,ibandronate,DB00710
ziprasidone,,"['зелдокс', 'зелдокса', 'зипрасидона']",,зипрасидон,ziprasidone,ziprasidone,DB00246
oxycodone,,"['оксикодон', 'оксикодона', 'оксикодоне', 'оксикодоном', 'оксикодону', 'перкосет', 'перкосета', 'перкосете', 'перкосетом', 'юкодал', 'юкодала', 'юкодалом']", оксикодон,оксикодон,oxycodone,oxycodone,DB00497
ritonavir,,"['норвир', 'норвира', 'рибавирин', 'рибавирина', 'рибавирину', 'ритонавир', 'ритонавира', 'ритонавиром']",ритонавир,ритонавир,ritonavir,ritonavir,DB00503
lurasidone,,"['латуда', 'латуде', 'латудой', 'латуду', 'латуды']", луразидон, луразидон,lurasidone,lurasidone,DB08815
chloramphenicol,,"['левомицетин', 'левомицетина', 'левомицетине', 'левомицетину']", хлорамфеникол,хлорамфеникол,chloramphenicol,chloramphenicol,DB00446
thalidomide,,"['талидомид', 'талидомида', 'талидомидом', 'теназадрин']", талидомид,талидомид,thalidomide,thalidomide,DB01041
natalizumab,,"['тизабри', 'тисабри']",,натализумаб,natalizumab,natalizumab,DB00108
thalidomide,,"['контерган', 'теназадрин']",,thalidomide,thalidomide,thalidomide,DB01041
lopinavir,,"['лопинавир']",лопинавир,лопинавир,lopinavir,lopinavir,DB01601
natalizumab,,"['натализумаб', 'натализумабом']", натализумаб, натализумаб,natalizumab,natalizumab,DB00108
salmeterol,,"['салметерол']",салметерол,салметерол,salmeterol,salmeterol,DB00938
ribavirin,,"['ребетолом', 'ребетол']",рибавирин, рибавирин,ribavirin,ribavirin,DB00811
lisdexamfetamine,,"['лиздексамфетамин']", лиздексамфетамин,лиздексамфетамин,lisdexamfetamine,lisdexamfetamine,DB01255
geodon,"['зипсила', 'зелдокс', 'зипрасидон']","['зелдоксом', 'зипсилу', 'зелдоксу', 'зипсила', 'зипрасидона', 'зипрасидоне', 'зипсилой', 'зипрасидону', 'зипсилы', 'зипсиле', 'зелдоксе', 'зелдокс', 'зипрасидон', 'зипрасидоном', 'зелдокса']",зипрасидон,ziprasidone,geodon,ziprasidone,DB00246
humira,"['адалимумаб', 'далибра', 'хумира']","['далибры', 'хумиру', 'адалимумабом', 'далибре', 'хумирой', 'хумира', 'далиброй', 'адалимумаб', 'адалимумабе', 'адалимумаба', 'далибру', 'хумире', 'хумиры', 'адалимумабу', 'далибра']",хумира,адалимумаб,humira,adalimumab,DB00051
adderall,"['адералл', 'декстроамфетамин', 'адерал', 'аддерал', 'аддералл']","['декстроамфетамину', 'декстроамфетамине', 'декстроамфетамин', 'адерал', 'аддераллу', 'аддерала', 'адералом', 'аддераллом', 'аддералом', 'аддерале', 'адераллом', 'аддералла', 'аддерал', 'аддералл', 'декстроамфетамина', 'адерала', 'аддералле', 'адералла', 'декстроамфетамином', 'адералу', 'адералл', 'адерале', 'адералле', 'аддералу', 'адераллу']",аддералл,декстроамфетамин,adderall,dextroamphetamine,DB01576
xanax,"['фронтин', 'золомакс', 'хелекс', 'кассадан', 'альпразолам', 'ламоз', 'алпрокс', 'алпразолам', 'ретард', 'золдак', 'алпралид', 'ксанакс', 'алзолам', 'неурол', 'xanax']","['xanax', 'золомаксе', 'фронтина', 'кассадана', 'золомаксу', 'ретарде', 'ксанаксом', 'золомакс', 'алпралида', 'алпрокса', 'альпразолам', 'неуролом', 'золомаксом', 'альпразоламом', 'хелекса', 'ламозом', 'неурола', 'неуролу', 'алпрокс', 'ксанакс', 'альпразолама', 'золомакса', 'фронтине', 'алпралиде', 'алзоламом', 'золдака', 'алпроксе', 'ламозе', 'фронтином', 'кассадану', 'золдак', 'ксанакса', 'фронтину', 'неуроле', 'алзолам', 'фронтин', 'алпроксу', 'алпралидом', 'алпразоламом', 'алзолама', 'ксанаксу', 'золдаку', 'ретарду', 'ретардом', 'алпроксом', 'алпразоламу', 'кассадане', 'хелексу', 'золдаке', 'ксанаксе', 'алпралиду', 'ретарда', 'золдаком', 'алпразоламе', 'альпразоламе', 'неурол', 'альпразоламу', 'хелекс', 'кассадан', 'алпразолама', 'хелексе', 'алпразолам', 'ретард', 'алпралид', 'ламозу', 'алзоламе', 'алзоламу', 'ламоза', 'ламоз', 'кассаданом', 'хелексом']",ксанакс,алпразолам,xanax,alprazolam,DB00404
eliquis,"['эликвис', 'aпиксабан']","['эликвиса', 'aпиксабана', 'эликвисом', 'aпиксабане', 'эликвисе', 'aпиксабан', 'aпиксабаном', 'эликвису', 'эликвис', 'aпиксабану']",эликвис,апиксабан,eliquis,apixaban,DB06605
apixaban,"['эликвис', 'aпиксабан']","['эликвиса', 'aпиксабана', 'эликвисом', 'aпиксабане', 'эликвисе', 'aпиксабан', 'aпиксабаном', 'эликвису', 'эликвис', 'aпиксабану']",апиксабан,апиксабан,apixaban,apixaban,DB06605
baclofen,"['баклосан', 'баклофен', 'лиорезал']","['баклофен', 'баклофену', 'лиорезал', 'баклосану', 'баклосан', 'баклосане', 'баклофена', 'лиорезалу', 'лиорезала', 'баклосана', 'лиорезале', 'баклофеном', 'баклофене', 'лиорезалом', 'баклосаном']",баклофен,баклофен,baclofen,baclofen,DB00181
symbicort,"['назаль', 'формотерол', 'турбухалер', 'будесонид', 'бенакорт', 'новолайзер', 'пульмикорт', 'тафен', 'циклокапс', 'рапихалер', 'будерин', 'дуоресп', 'будекорт', 'цикортид', 'буденофальк', 'апулеин', 'симбикорт', 'бенарин', 'спиромакс', 'форадил', 'формисонид']","['циклокапса', 'новолайзером', 'бенакорте', 'спиромакса', 'пульмикорт', 'будерине', 'симбикорте', 'турбухалером', 'симбикорта', 'будекортом', 'турбухалере', 'буденофальку', 'апулеине', 'форадилом', 'дуоресп', 'будекорт', 'буденофальк', 'пульмикорта', 'цикортиду', 'спиромаксе', 'тафене', 'будесонида', 'апулеин', 'формотеролу', 'новолайзера', 'бенарине', 'симбикорт', 'дуореспе', 'дуореспа', 'формисониду', 'форадил', 'спиромаксу', 'бенакорта', 'назаль', 'турбухалер', 'новолайзеру', 'будерину', 'будесонид', 'тафена', 'формотеролом', 'бенакортом', 'рапихалеру', 'дуореспом', 'тафеном', 'бенакорту', 'формисонидом', 'пульмикорту', 'симбикорту', 'тафену', 'бенарином', 'форадиле', 'форадила', 'буденофальком', 'будесонидом', 'циклокапсе', 'апулеином', 'циклокапсу', 'рапихалером', 'назаля', 'бенарина', 'буденофалька', 'цикортиде', 'будесониде', 'циклокапс', 'апулеину', 'формотероле', 'пульмикорте', 'рапихалере', 'форадилу', 'будерина', 'апулеина', 'симбикортом', 'бенарин', 'турбухалеру', 'назалью', 'формисонид', 'цикортидом', 'формисонида', 'формотерол', 'формотерола', 'бенакорт', 'назали', 'будесониду', 'новолайзер', 'тафен', 'пульмикортом', 'рапихалера', 'рапихалер', 'будерин', 'спиромаксом', 'будекорте', 'буденофальке', 'будекорту', 'цикортид', 'дуореспу', 'будекорта', 'формисониде', 'турбухалера', 'цикортида', 'будерином', 'новолайзере', 'циклокапсом', 'спиромакс', 'бенарину']",симбикорт® турбухалер,будесонид + формотерол,symbicort,budesonide + formoterol,DB01222 + DB00983
buprenorphine,"['бупренорфин', 'нопан', 'бупранал', 'субутекс', 'транстек']","['субутекса', 'бупранал', 'субутекс', 'транстеком', 'бупренорфину', 'бупренорфином', 'бупренорфин', 'нопан', 'нопане', 'транстека', 'нопаном', 'бупранале', 'нопана', 'бупранала', 'субутексу', 'транстеку', 'бупренорфине', 'транстеке', 'бупраналу', 'субутексом', 'субутексе', 'бупраналом', 'нопану', 'бупренорфина', 'транстек']",бупренорфин,бупренорфин,buprenorphine,buprenorphine,DB00921
effexor,"['венсуэрт', 'венлафаксин', 'венлафаксина', 'ньювелонг', 'велафакс', 'воксемель', 'венлаксор', 'эфевелон', 'алвента', 'велаксин']","['венлафаксину', 'венсуэрт', 'венсуэртом', 'венлаксора', 'ньювелонг', 'эфевелоне', 'ньювелонге', 'велаксином', 'венлаксор', 'велафаксе', 'ньювелонгу', 'венлафаксиной', 'алвентой', 'эфевелон', 'велаксине', 'эфевелону', 'велафаксу', 'велаксина', 'велафаксом', 'венлафаксин', 'венлафаксина', 'венсуэрту', 'велафакса', 'велаксин', 'венлаксоре', 'венлаксору', 'венлаксором', 'алвенты', 'велафакс', 'ньювелонгом', 'венсуэрта', 'эфевелона', 'ньювелонга', 'эфевелоном', 'алвенте', 'алвенту', 'венлафаксины', 'венсуэрте', 'воксемеля', 'воксемелью', 'воксемель', 'венлафаксине', 'венлафаксином', 'воксемели', 'велаксину', 'алвента']",,венлафаксин,effexor,venlafaxine,DB00285
venlafaxine,"['венсуэрт', 'венлафаксин', 'венлафаксина', 'ньювелонг', 'велафакс', 'воксемель', 'венлаксор', 'эфевелон', 'алвента', 'велаксин']","['венлафаксину', 'венсуэрт', 'венсуэртом', 'венлаксора', 'ньювелонг', 'эфевелоне', 'ньювелонге', 'велаксином', 'венлаксор', 'велафаксе', 'ньювелонгу', 'венлафаксиной', 'алвентой', 'эфевелон', 'велаксине', 'эфевелону', 'велафаксу', 'велаксина', 'велафаксом', 'венлафаксин', 'венлафаксина', 'венсуэрту', 'велафакса', 'велаксин', 'венлаксоре', 'венлаксору', 'венлаксором', 'алвенты', 'велафакс', 'ньювелонгом', 'венсуэрта', 'эфевелона', 'ньювелонга', 'эфевелоном', 'алвенте', 'алвенту', 'венлафаксины', 'венсуэрте', 'воксемеля', 'воксемелью', 'воксемель', 'венлафаксине', 'венлафаксином', 'воксемели', 'велаксину', 'алвента']",венлафаксин,венлафаксин,venlafaxine,venlafaxine,DB00285
viibryd,['вилазодон'],"['вилазодону', 'вилазодон', 'вилазодоне', 'вилазодоном', 'вилазодона']",,вилазодон,viibryd,vilazodone,DB06684
gabapentin,"['эплиронтин', 'габапентин', 'тебантин', 'конвалис', 'габагамма', 'лепситин', 'катэна', 'гапентек', 'нейронтин']","['эплиронтин', 'лепситина', 'лепситином', 'катэне', 'катэны', 'габапентину', 'нейронтину', 'эплиронтином', 'конвалис', 'лепситин', 'тебантина', 'нейронтин', 'нейронтине', 'конвалису', 'габагаммы', 'гапентеку', 'конвалисом', 'тебантину', 'гапентеке', 'конвалисе', 'лепситине', 'габапентин', 'конвалиса', 'гапентека', 'катэну', 'габапентине', 'нейронтина', 'гапентеком', 'эплиронтине', 'тебантином', 'тебантине', 'эплиронтина', 'катэной', 'эплиронтину', 'габапентина', 'нейронтином', 'лепситину', 'габапентином', 'тебантин', 'габагамме', 'габагамма', 'катэна', 'габагаммой', 'габагамму', 'гапентек']",габапентин,габапентин,gabapentin,gabapentin,DB00996
pradaxa,"['дабигатран', 'прадакс', 'прадакса']","['прадаксе', 'дабигатраном', 'прадаксы', 'прадакс', 'прадаксой', 'прадаксом', 'дабигатране', 'дабигатрана', 'дабигатран', 'прадаксу', 'дабигатрану', 'прадакса']",прадакса,дабигатрана этексилат,pradaxa,dabigatran etexilate,DB06695
pristiq,['десвенлафаксин'],"['десвенлафаксин', 'десвенлафаксине', 'десвенлафаксином', 'десвенлафаксину', 'десвенлафаксина']",,десвенлафаксин,pristiq,desvenlafaxine,DB06700
diclofenac,"['диклофен', 'диклофенак', 'верал', 'дикловит', 'флектор', 'диклонат', 'диклоген', 'артрекс', 'наклоф', 'диклак', 'вольтарен', 'дифен', 'свиссджет', 'фелоран', 'пенсейд', 'диклофенаклонг', 'флотак', 'ортофлекс®', 'ортофен', 'диклонак', 'ортофер®', 'наклофен', 'доросан', 'диклориум', 'санфинак', 'диклоран', 'ревмавек', 'диклобене', 'дикломелан', 'диалра', 'диклофенакол', 'дикломакс', 'реметан']","['реметане', 'наклофа', 'дикловит', 'диклонату', 'ортофена', 'артрекс', 'диклофенаколе', 'верале', 'флотака', 'фелоран', 'ортофене', 'ортофен', 'диклонак', 'дикломаксом', 'диклонатом', 'санфинаком', 'доросана', 'артрексу', 'вольтарену', 'наклофе', 'диклака', 'ревмавек', 'диклориума', 'реметана', 'диалра', 'диклонаке', 'верала', 'наклофене', 'доросану', 'диалры', 'дикломаксе', 'дикломакс', 'диклориумом', 'диклофен', 'флектором', 'диклофенак', 'свиссджету', 'флектор', 'артрексом', 'диклонат', 'дикловите', 'вольтареном', 'дикловита', 'дикловиту', 'ревмавека', 'флотаком', 'вольтарене', 'диклогена', 'диклак', 'вольтарен', 'пенсейде', 'артрексе', 'диклофену', 'диклофене', 'флотаку', 'пенсейд', 'флотак', 'санфинаку', 'флектора', 'диклофенаку', 'дикломакса', 'диклофенаклонгу', 'артрекса', 'доросан', 'ортофену', 'дифену', 'диклаке', 'диклофенаколом', 'ортофеном', 'дикломелан', 'диклофеном', 'диклогеном', 'диклорана', 'наклофена', 'доросаном', 'свиссджетом', 'дикломелане', 'реметану', 'диклофенаклонга', 'диклофенаколу', 'диалрой', 'пенсейдом', 'диклогену', 'диклоген', 'наклоф', 'диклонате', 'ревмавеке', 'дифене', 'диклофенаке', 'ревмавеком', 'фелораном', 'вералу', 'пенсейда', 'фелоране', 'диклорану', 'ортофер®', 'наклофен', 'дикловитом', 'вералом', 'свиссджета', 'флотаке', 'наклофену', 'диклоната', 'диклаком', 'дифена', 'диклобене', 'диклофенаклонгом', 'ревмавеку', 'диклогене', 'пенсейду', 'дикломаксу', 'диклофенакол', 'реметан', 'наклофеном', 'фелорана', 'дикломелану', 'верал', 'наклофу', 'диалре', 'диклофенакола', 'дифен', 'диклаку', 'диклонаку', 'свиссджет', 'санфинаке', 'диклофенака', 'диклофенаклонг', 'ортофлекс®', 'диклофенаком', 'диклонаком', 'диклориуме', 'флектору', 'свиссджете', 'диклонака', 'дикломелана', 'диклориум', 'дикломеланом', 'санфинак', 'диклофенаклонге', 'наклофом', 'вольтарена', 'флекторе', 'санфинака', 'диалру', 'реметаном', 'диклоран', 'диклораном', 'фелорану', 'доросане', 'диклориуму', 'диклоране', 'диклофена', 'дифеном']",диклофенак,диклофенак,diclofenac,diclofenac,DB00586
cymbalta,"['дулоксетин', 'преданта', 'симбалта', 'дулоксента']","['симбалту', 'дулоксенту', 'симбалты', 'дулоксетином', 'дулоксетин', 'преданта', 'дулоксетине', 'дулоксенты', 'преданты', 'дулоксенте', 'симбалта', 'преданту', 'дулоксента', 'преданте', 'дулоксентой', 'дулоксетину', 'дулоксетина', 'предантой', 'симбалте', 'симбалтой']",симбалта,дулоксетин,cymbalta,duloxetine,DB00476
remicade,"['ремикейд', 'фламмэгис', 'инфликсимаб']","['ремикейдом', 'фламмэгисе', 'инфликсимаба', 'инфликсимабе', 'инфликсимаб', 'фламмэгису', 'ремикейду', 'ремикейде', 'фламмэгисом', 'ремикейда', 'фламмэгис', 'фламмэгиса', 'инфликсимабу', 'инфликсимабом', 'ремикейд']",ремикейд,инфликсимаб,remicade,infliximab,DB00065
seroquel,"['виктоэль', 'сервитель', 'кветиакс', 'кументаль', 'сероквель', 'кутипин', 'гедонин', 'кветитекс', 'квентиакс', 'сероквин', 'лаквель', 'нантарид', 'кветиапин', 'кветирон', 'кветиапина', 'кетиап', 'кетилепт']","['виктоэль', 'кетилепта', 'сероквина', 'кетилепту', 'кветиапином', 'сероквели', 'кветироном', 'кетилепте', 'кутипин', 'квентиакса', 'сероквин', 'сервителя', 'кутипину', 'нантариде', 'кументаля', 'кветиапина', 'кетиапу', 'кутипина', 'гедонина', 'кветитексом', 'кветирона', 'кветироне', 'квентиаксе', 'нантаридом', 'сероквеля', 'кутипином', 'кветиаксе', 'кветиаксу', 'виктоэли', 'квентиаксу', 'лаквелью', 'нантарида', 'нантариду', 'кетиапа', 'кветиаксом', 'кетиапе', 'кветиапин', 'гедонине', 'кветиапины', 'кветирон', 'кветиапине', 'кетиап', 'кветиакса', 'кветиапину', 'кетилепт', 'кументали', 'кветиапиной', 'кветитексе', 'лаквели', 'сероквель', 'нантарид', 'лаквеля', 'виктоэлью', 'кветитекса', 'сероквелью', 'сервителью', 'кветирону', 'кутипине', 'сервитель', 'кветиакс', 'квентиаксом', 'кументаль', 'гедонин', 'сероквине', 'кветитекс', 'сероквином', 'виктоэля', 'квентиакс', 'гедонину', 'лаквель', 'кументалью', 'кетилептом', 'гедонином', 'сервители', 'кветитексу', 'сероквину', 'кетиапом']",сероквель,кветиапин,seroquel,quetiapine,DB01224
quetiapine,"['лаквель  ', 'сероквин', 'кетилепт ', 'кветиапина', 'кветиапин ', 'кетиап ', 'кутипин ', 'виктоэль ', 'кветиапин', 'кветирон', 'кументаль ', 'кетилепт', 'гедонин ', 'сероквель', 'квентиакс ', 'кветитекс ', 'нантарид ', 'сервитель ', 'кветиакс', 'квентиакс', 'сероквель ']","['лаквель  ', 'кетилепта', 'сероквина', 'кетилепте', 'кветиапином', 'сероквели', 'кветироном', 'квентиакса', 'сероквин', 'кетилепт ', 'кветиапина', 'кветиапин ', 'кетиап ', 'кутипин ', 'кветирона', 'кветироне', 'квентиаксе', 'сероквеля', 'кветиаксе', 'кветиаксу', 'виктоэль ', 'квентиаксу', 'кветиапин', 'кветирон', 'кументаль ', 'кветиаксом', 'кветиапины', 'кетилепт', 'кветиапине', 'кветиапину', 'кветиакса', 'гедонин ', 'кветиапиной', 'сероквель', 'квентиакс ', 'кветитекс ', 'нантарид ', 'сероквелью', 'кветирону', 'сервитель ', 'кветиакс', 'квентиаксом', 'сероквине', 'сероквином', 'квентиакс', 'кетилептом', 'сероквину', 'кетилепту', 'сероквель ']",кветиапин,кветиапин,quetiapine,quetiapine,DB01224
lamictal,"['конвульсан', 'сейзар', 'ламотриджин', 'ламитор', 'ламептил', 'ламиктал', 'ламолеп', 'ламотрикс']","['ламолепом', 'сейзаром', 'сейзара', 'ламолепе', 'конвульсаном', 'ламитором', 'ламитору', 'ламептила', 'ламолеп', 'ламиктала', 'ламитора', 'ламотрикс', 'конвульсан', 'сейзар', 'ламотриджин', 'ламептилом', 'ламотриксом', 'ламиторе', 'ламептил', 'конвульсану', 'ламотриджину', 'ламептиле', 'сейзару', 'ламотриксу', 'ламикталом', 'ламолепа', 'ламиктал', 'ламотриджине', 'ламептилу', 'ламиктале', 'конвульсана', 'ламотриджина', 'ламитор', 'ламотриджином', 'ламикталу', 'ламолепу', 'конвульсане', 'ламотриксе', 'ламотрикса', 'сейзаре']",ламиктал,ламотриджин,lamictal,lamotrigine,DB00555
synthroid,"['л-тирок', 'эутирокс', 'тирок', 'тироксин', 'l-тироксин', 'левотироксин', 'тиро-4', 'баготирокс']","['тироксина', 'эутирокс', 'левотироксином', 'тироку', 'летирок', 'латирок', 'тирок', 'тиро', 'тирока', 'l-тироксин', 'левотироксин', 'эутироксом', 'lтироксино', 'тироксину', 'л-тирок', 'ломтироко', 'тироке', 'левотироксине', 'лутирок', 'баготирокса', 'баготироксе', 'lтироксин', 'баготироксом', 'баготироксу', 'левотироксина', 'тироксин', 'эутироксе', 'эутирокса', 'эутироксу', 'тироком', 'левотироксину', 'тиро-4', 'тироксине', 'тироксином', 'баготирокс']",,левотироксин,synthroid,levothyroxine,DB00451
levaquin,"['леволет', 'хайлефлокс', 'танфломед', 'левофлоксабол', 'левофлоксацина', 'левоксимед', 'левофлокс', 'ашлев', 'люфи', 'левотек', 'левофлоксацин', 'флексид', 'таваник', 'элефлокс', 'лефсан', 'лебел', 'маклево', 'ремедиа', 'сигницеф', 'лефокцин', 'левокс', 'флорацид', 'лефлокс', 'ивацин', 'рофлокс', 'эколевид', 'бактофлокс', 'лефлобакт', 'левостар', 'глево', 'леобэг', 'корфецин', 'офтаквикс']","['сигницефе', 'хайлефлокс', 'леобэга', 'левофлоксацина', 'лефсана', 'левофлоксабол', 'офтаквикса', 'левоксимеду', 'лефокцине', 'ашлев', 'таванике', 'сигницефом', 'корфецине', 'лефокцина', 'элефлоксом', 'бактофлокса', 'левофлоксацины', 'левофлоксацине', 'лефокцином', 'левофлоксом', 'корфецину', 'флорацидом', 'левофлоксабола', 'ремедиа', 'элефлокса', 'леволете', 'таваником', 'сигницеф', 'флорацид', 'левоксимедом', 'ивацину', 'танфломеде', 'лебела', 'корфецином', 'хайлефлокса', 'леобэге', 'флорацида', 'бактофлоксом', 'левостара', 'элефлоксе', 'эколевида', 'левоксимед', 'люфи', 'флорациду', 'левостару', 'леволету', 'левотеке', 'ремедиу', 'маклево', 'лебел', 'ремедиы', 'элефлоксу', 'танфломеду', 'левотеку', 'леобэгу', 'офтаквиксу', 'эколевидом', 'левофлокса', 'лефлоксе', 'ивацин', 'лефлобакту', 'бактофлоксу', 'левофлоксе', 'эколевид', 'левостаром', 'офтаквиксом', 'бактофлокс', 'лефлобакт', 'лефлобакта', 'лефлокса', 'корфецина', 'корфецин', 'флексидом', 'левоксу', 'ашлевом', 'лебелом', 'левокса', 'танфломед', 'левофлоксациной', 'эколевиде', 'левофлокс', 'левотек', 'левофлоксацин', 'лефлобактом', 'флексида', 'хайлефлоксе', 'флексиде', 'лефокцину', 'левостаре', 'ивацине', 'таваник', 'левофлоксу', 'лефсан', 'офтаквиксе', 'сигницефу', 'левоксимеде', 'левоксом', 'ашлева', 'флорациде', 'левокс', 'левотека', 'левотеком', 'рофлоксом', 'лефлоксом', 'рофлоксу', 'ремедие', 'сигницефа', 'левофлоксацину', 'леволетом', 'офтаквикс', 'ашлеве', 'лефлобакте', 'лебелу', 'хайлефлоксом', 'левофлоксаболом', 'леволет', 'рофлоксе', 'ивацином', 'левофлоксаболу', 'эколевиду', 'таванику', 'ремедиой', 'флексид', 'лефсане', 'леобэгом', 'ивацина', 'элефлокс', 'леволета', 'таваника', 'лефсаном', 'левоксимеда', 'лефсану', 'бактофлоксе', 'лефокцин', 'левофлоксацином', 'лебеле', 'флексиду', 'лефлокс', 'лефлоксу', 'левоксе', 'танфломедом', 'рофлокс', 'рофлокса', 'левостар', 'глево', 'леобэг', 'ашлеву', 'танфломеда', 'хайлефлоксу', 'левофлоксаболе']",левофлоксацин,левофлоксацин,levaquin,levofloxacin,DB01137
vyvanse,"['лиздексамфетамин', 'лисдексамфетамин']","['лиздексамфетамину', 'лиздексамфетамина', 'лисдексамфетамине', 'лисдексамфетамином', 'лисдексамфетамина', 'лиздексамфетамин', 'лисдексамфетамин', 'лиздексамфетамине', 'лисдексамфетамину', 'лиздексамфетамином']",,лиздексамфетамин,vyvanse,lisdexamfetamine,DB01255
victoza,"['саксенда', 'виктоза', 'лираглутид']","['саксенды', 'лираглутида', 'виктозы', 'саксендой', 'саксенду', 'лираглутиду', 'виктозой', 'виктоза', 'лираглутиде', 'лираглутид', 'виктозе', 'лираглутидом', 'саксенда', 'виктозу', 'саксенде']",виктоза,лираглутид,victoza,liraglutide,DB06655
imodium,"['энтеробене', 'лопедиум', 'лоперамид', 'имодиум', 'лоперамида', 'ларемид', 'диара', 'лоперакап', 'диарол', 'суперилоп']","['энтеробене', 'лопедиумом', 'имодиумом', 'суперилопом', 'лоперакапе', 'имодиуме', 'суперилопу', 'лопедиуме', 'лоперакапом', 'лоперамиду', 'диарола', 'диарол', 'ларемидом', 'лопедиум', 'диароле', 'лоперамид', 'лоперамиде', 'лоперамида', 'имодиуму', 'суперилопа', 'суперилопе', 'лоперакап', 'ларемида', 'имодиума', 'лоперакапу', 'диары', 'лоперамидой', 'диару', 'диара', 'лопедиуму', 'диаре', 'суперилоп', 'лопедиума', 'имодиум', 'ларемид', 'лоперакапа', 'диаролом', 'лоперамиды', 'диарой', 'ларемиде', 'ларемиду', 'лоперамидом', 'диаролу']",имодиум,лоперамид,imodium,loperamide,DB00836
loperamide,"['энтеробене', 'лопедиум', 'лоперамид', 'имодиум', 'лоперамида', 'ларемид', 'диара', 'лоперакап', 'диарол', 'суперилоп']","['энтеробене', 'лопедиумом', 'имодиумом', 'суперилопом', 'лоперакапе', 'имодиуме', 'суперилопу', 'лопедиуме', 'лоперакапом', 'лоперамиду', 'диарола', 'диарол', 'ларемидом', 'лопедиум', 'диароле', 'лоперамид', 'лоперамиде', 'лоперамида', 'имодиуму', 'суперилопа', 'суперилопе', 'лоперакап', 'ларемида', 'имодиума', 'лоперакапу', 'диары', 'лоперамидой', 'диару', 'диара', 'лопедиуму', 'диаре', 'суперилоп', 'лопедиума', 'имодиум', 'ларемид', 'лоперакапа', 'диаролом', 'лоперамиды', 'диарой', 'ларемиде', 'ларемиду', 'лоперамидом', 'диаролу']",лоперамид,лоперамид,loperamide,loperamide,DB00836
metoprolol,"['вазакардин', 'корвитол', 'беталок', 'метокард', 'эмзок', 'вазокардин', 'метозок', 'возакардин', 'возокардин', 'метокор', 'метолол', 'метопролол', 'метопролола', 'эгилок', 'сердол']","['корвитол', 'метокарда', 'возокардином', 'вазакардину', 'возокардину', 'беталока', 'метокору', 'метокором', 'эгилока', 'метололе', 'беталоку', 'метокоре', 'метопрололу', 'эмзоком', 'метололу', 'возокардина', 'корвитола', 'эгилоком', 'вазокардина', 'вазакардине', 'корвитоле', 'метопролола', 'возокардин', 'вазакардином', 'метозока', 'корвитолу', 'беталок', 'вазокардине', 'эмзока', 'сердола', 'корвитолом', 'беталоке', 'метозок', 'метозоку', 'возакардин', 'метокора', 'метолола', 'возакардине', 'вазакардина', 'метопрололы', 'сердолу', 'возокардине', 'эмзоке', 'возакардину', 'метололом', 'метокарду', 'метокор', 'метозоке', 'беталоком', 'эгилоке', 'сердоле', 'возакардина', 'эгилок', 'сердол', 'вазакардин', 'метокард', 'вазокардином', 'возакардином', 'метопрололой', 'метозоком', 'метокарде', 'вазокардин', 'эгилоку', 'метолол', 'метопролол', 'метопрололом', 'метокардом', 'сердолом', 'вазокардину', 'метопрололе', 'эмзоку', 'эмзок']",метопролол,метопролол,metoprolol,metoprolol,DB00264
metformin,"['метформина', 'метадиен', 'сиофор', 'новоформин', 'метформин', 'диасфор', 'ланжерин', 'нова мет', 'метфогамма', 'диаформин', 'формин', 'форметин', 'багомет', 'мерифатин', 'глиминфор', 'глюкофаж', 'гликон', 'ринформин', 'глиформин', 'метфорвел', 'метоспанин']","['метоспанином', 'метадиен', 'багомета', 'новоформин', 'мерифатином', 'формина', 'багомету', 'ланжерин', 'мерифатину', 'метфогамма', 'метоспанину', 'глиминфору', 'багомете', 'мерифатин', 'метфогаммы', 'ланжерине', 'глиминфора', 'глюкофаж', 'формине', 'глиформину', 'нова мета', 'форметина', 'гликон', 'диасфора', 'мерифатине', 'метформина', 'багометом', 'ринформина', 'ланжерину', 'диаформину', 'ринформином', 'метфорвелом', 'глиформина', 'диасфору', 'глюкофажа', 'новоформину', 'новоформине', 'нова метом', 'форметину', 'багомет', 'формином', 'нова мету', 'диаформине', 'сиофора', 'метадиене', 'сиофором', 'глиминфоре', 'мерифатина', 'метфогамму', 'нова мете', 'метфорвеле', 'форметине', 'метфорвелу', 'новоформином', 'ланжерином', 'метоспанин', 'метфогаммой', 'сиофор', 'диаформина', 'ринформину', 'диаформином', 'ринформине', 'диасфоре', 'формин', 'метадиеном', 'гликону', 'метфорвела', 'метфогамме', 'сиофору', 'метформиной', 'метформину', 'метоспанине', 'ринформин', 'глиформином', 'глюкофаже', 'метформином', 'глюкофажом', 'метформин', 'диасфор', 'метформины', 'глиминфором', 'новоформина', 'метоспанина', 'нова мет', 'гликона', 'ланжерина', 'гликоном', 'форметином', 'метадиена', 'метформине', 'диаформин', 'форметин', 'метадиену', 'глиминфор', 'глюкофажу', 'формину', 'диасфором', 'сиофоре', 'глиформин', 'гликоне', 'глиформине', 'метфорвел']",метформин,метформин,metformin,metformin,DB00331
tysabri,"['тизабри', 'натализумаб', 'тисабри']","['натализумаб', 'тизабри', 'натализумабе', 'натализумабу', 'натализумабом', 'натализумаба', 'тисабри']", тизабри,натализумаб,tysabri,natalizumab,DB00108
oxycontin,"['юкодал', 'оксикодон', 'перкосет']","['юкодалом', 'перкосетом', 'юкодалу', 'юкодала', 'перкосете', 'оксикодоном', 'оксикодону', 'юкодале', 'перкосета', 'перкосет', 'перкосету', 'юкодал', 'оксикодоне', 'оксикодон', 'оксикодона']",,оксикодон,oxycontin,oxycodone,DB00497
olanzapine,"['олзапин', 'зипадера', 'золафрен', 'нормитон', 'эголанза', 'заласта', 'парнасан', 'оланекс', 'оланзапин', 'зипрекса']","['заластой', 'олзапин', 'зипадеры', 'зипадера', 'оланексом', 'нормитон', 'парнасана', 'эголанза', 'зипрексу', 'оланзапину', 'оланекс', 'золафреном', 'зипрексой', 'оланзапин', 'нормитона', 'зипрексы', 'олзапине', 'зипрексе', 'эголанзой', 'оланзапине', 'оланексе', 'оланексу', 'оланзапина', 'парнасан', 'эголанзу', 'оланекса', 'золафрену', 'зипрекса', 'парнасану', 'зипадеру', 'нормитону', 'зипадерой', 'заласта', 'оланзапином', 'золафрене', 'олзапином', 'нормитоном', 'парнасане', 'зипадере', 'парнасаном', 'олзапина', 'заласте', 'золафрен', 'эголанзе', 'олзапину', 'золафрена', 'заласту', 'нормитоне', 'эголанзы', 'заласты']",оланзапин,оланзапин,olanzapine,olanzapine,DB00334
zyprexa,"['олзапин', 'зипадера', 'золафрен', 'зипадер', 'заласт', 'нормитон', 'эголанза', 'заласта', 'зипрекс', 'парнасан', 'оланекс', 'оланзапин', 'зипрекса', 'зидис', 'эголан']","['заластой', 'олзапин', 'зипадеры', 'зипадера', 'оланексом', 'зидису', 'заласт', 'нормитон', 'парнасана', 'эголанза', 'зипрексу', 'оланзапину', 'оланекс', 'золафреном', 'зипрексой', 'оланзапин', 'нормитона', 'зипрексе', 'олзапине', 'зипрексы', 'эголанзой', 'оланзапине', 'оланексе', 'оланексу', 'зипадером', 'оланзапина', 'парнасан', 'эголанзу', 'эголаном', 'заластом', 'оланекса', 'золафрену', 'зипрекса', 'эголану', 'зидис', 'эголан', 'парнасану', 'зипадеру', 'нормитону', 'эголане', 'зидисом', 'зипадер', 'зипадерой', 'заласта', 'нормитоне', 'оланзапином', 'зидисе', 'золафрене', 'олзапином', 'нормитоном', 'эголана', 'парнасане', 'зипадере', 'парнасаном', 'заласте', 'золафрен', 'эголанзе', 'зипрекс', 'олзапину', 'золафрена', 'заласту', 'зипрексом', 'зидиса', 'олзапина', 'эголанзы', 'заласты']",зипрекса,оланзапин,zyprexa,olanzapine,DB00334
tamiflu,"['тамифлю', 'сельтавир', 'флустоп', 'инфлюцеин', 'озелтамивир', 'номидес', 'осельтамивир', 'озельтамивир']","['сельтавира', 'сельтавир', 'осельтамивира', 'сельтавиром', 'сельтавиру', 'озелтамивира', 'осельтамивире', 'озельтамивир', 'осельтамивиру', 'номидесу', 'тамифлю', 'флустопа', 'озелтамивир', 'осельтамивир', 'номидеса', 'флустопу', 'инфлюцеину', 'озельтамивира', 'сельтавире', 'номидесе', 'номидесом', 'озельтамивиру', 'осельтамивиром', 'озельтамивире', 'инфлюцеина', 'озелтамивире', 'номидес', 'флустопе', 'инфлюцеине', 'флустопом', 'инфлюцеином', 'озельтамивиром', 'флустоп', 'озелтамивиром', 'инфлюцеин', 'озелтамивиру']",тамифлю,осельтамивир,tamiflu,oseltamivir,DB00198
paxil,"['сирестилл', 'рекситин', 'плизил', 'сероксат', 'актапароксетин', 'рексетин', 'паксил', 'пароксетин', 'адепресс', 'стилиден']","['сероксатом', 'сирестилл', 'стилидену', 'адепрессом', 'плизилом', 'сероксат', 'рексетин', 'сероксата', 'плизила', 'паксил', 'адепрессе', 'пароксетин', 'пароксетине', 'рекситина', 'стилидене', 'паксила', 'актапароксетином', 'рексетину', 'рексетина', 'стилиденом', 'актапароксетину', 'рексетине', 'паксилом', 'плизил', 'стилиден', 'актапароксетин', 'сероксате', 'паксиле', 'плизилу', 'адепресс', 'сирестиллом', 'сирестиллу', 'пароксетину', 'адепресса', 'рекситине', 'сероксату', 'стилидена', 'сирестилла', 'рекситином', 'рекситину', 'плизиле', 'паксилу', 'рекситин', 'пароксетином', 'актапароксетине', 'актапароксетина', 'рексетином', 'сирестилле', 'пароксетина', 'адепрессу']",паксил,пароксетин,paxil,paroxetine,DB00715
paroxetine,"['сирестилл', 'рекситин', 'плизил', 'сероксат', 'актапароксетин', 'рексетин', 'паксил', 'пароксетин', 'адепресс', 'стилиден']","['сероксатом', 'сирестилл', 'стилидену', 'адепрессом', 'плизилом', 'сероксат', 'рексетин', 'сероксата', 'плизила', 'паксил', 'адепрессе', 'пароксетин', 'пароксетине', 'рекситина', 'стилидене', 'паксила', 'актапароксетином', 'рексетину', 'рексетина', 'стилиденом', 'актапароксетину', 'рексетине', 'паксилом', 'плизил', 'стилиден', 'актапароксетин', 'сероксате', 'паксиле', 'плизилу', 'адепресс', 'сирестиллом', 'сирестиллу', 'пароксетину', 'адепресса', 'рекситине', 'сероксату', 'стилидена', 'сирестилла', 'рекситином', 'рекситину', 'плизиле', 'паксилу', 'рекситин', 'пароксетином', 'актапароксетине', 'актапароксетина', 'рексетином', 'сирестилле', 'пароксетина', 'адепрессу']",пароксетин,пароксетин,paroxetine,paroxetine,DB00715
pregabalin,"['реплика', 'пригабалин', 'альгерика', 'прегабалин', 'пригобалин', 'прегаболин', 'прегоболин', 'пригабилон', 'пригаболин', 'прегабио', 'пригоболин', 'лирика', 'прегобалин']","['пригаболине', 'прегобалина', 'прегаболин', 'реплике', 'пригабилон', 'пригоболин', 'лирика', 'реплики', 'пригабилоном', 'пригаболина', 'прегоболина', 'альгерики', 'прегабалине', 'альгерике', 'пригоболину', 'пригабалином', 'прегобалином', 'пригабалин', 'лирику', 'прегаболином', 'пригабилону', 'пригобалином', 'прегоболин', 'пригобалине', 'пригаболином', 'пригоболине', 'прегоболине', 'прегоболином', 'лирикой', 'прегобалину', 'пригобалину', 'реплика', 'прегаболина', 'пригабилона', 'прегабалину', 'альгерика', 'прегоболину', 'лирике', 'прегабалин', 'прегабио', 'прегаболине', 'прегобалин', 'прегабалином', 'пригабалине', 'альгерикой', 'пригабилоне', 'пригаболину', 'альгерику', 'прегабалина', 'пригоболином', 'пригобалин', 'репликой', 'пригаболин', 'лирики', 'прегаболину', 'прегобалине', 'реплику', 'пригоболина', 'пригобалина', 'пригабалину', 'пригабалина']",прегабалин,прегабалин,pregabalin,pregabalin,DB00230
lyrica,"['реплика', 'пригабалин', 'альгерика', 'прегабалин', 'пригобалин', 'прегаболин', 'прегоболин', 'пригабилон', 'пригаболин', 'прегабио', 'пригоболин', 'лирика', 'прегобалин']","['пригаболине', 'прегобалина', 'прегаболин', 'реплике', 'пригабилон', 'пригоболин', 'лирика', 'реплики', 'пригабилоном', 'пригаболина', 'прегоболина', 'альгерики', 'прегабалине', 'альгерике', 'пригоболину', 'пригабалином', 'прегобалином', 'пригабалин', 'лирику', 'прегаболином', 'пригабилону', 'пригобалином', 'прегоболин', 'пригобалине', 'пригаболином', 'пригоболине', 'прегоболине', 'прегоболином', 'лирикой', 'прегобалину', 'пригобалину', 'реплика', 'прегаболина', 'пригабилона', 'прегабалину', 'альгерика', 'прегоболину', 'лирике', 'прегабалин', 'прегабио', 'прегаболине', 'прегобалин', 'прегабалином', 'пригабалине', 'альгерикой', 'пригабилоне', 'пригаболину', 'альгерику', 'прегабалина', 'пригоболином', 'пригобалин', 'репликой', 'пригаболин', 'лирики', 'прегаболину', 'прегобалине', 'реплику', 'пригоболина', 'пригобалина', 'пригабалину', 'пригабалина']",лирика,прегабалин,lyrica,pregabalin,DB00230
xarelto,"['ривароксабан', 'ревароксабан', 'ревароксобан', 'ксарелто', 'ривароксобан', 'ривороксабан', 'ревороксобан', 'ревороксабан', 'ривороксобан']","['ривороксабаном', 'ривороксобане', 'ривароксабаном', 'ривороксабану', 'ривароксобану', 'ривароксабана', 'ревароксобаном', 'ревароксабане', 'ревароксобану', 'ревароксабана', 'ревороксобана', 'ревороксобане', 'ривороксобаном', 'ривороксобан', 'ривороксабана', 'ревороксабане', 'ривароксобан', 'ривароксобана', 'ривороксобана', 'ревороксабана', 'ривароксабан', 'ривароксобане', 'ревароксобана', 'ксарелто', 'ревароксобане', 'ревороксабаном', 'ревароксабаном', 'ривороксабан', 'ривароксобаном', 'ревароксобан', 'ривароксабану', 'ревароксабан', 'ревароксабану', 'ривароксабане', 'ревороксобаном', 'ревороксабану', 'ривороксабане', 'ривороксобану', 'ревороксобану', 'ревороксобан', 'ревороксабан']",ксарелто,ривароксабан,xarelto,rivaroxaban,DB06228
rivaroxaban,"['ривароксабан', 'ревароксабан', 'ревароксобан', 'ксарелто', 'ривароксобан', 'ривороксабан', 'ревороксобан', 'ревороксабан', 'ривороксобан']","['ривороксабаном', 'ривороксобане', 'ривароксабаном', 'ривороксабану', 'ривароксобану', 'ривароксабана', 'ревароксобаном', 'ревароксабане', 'ревароксобану', 'ревароксабана', 'ревороксобана', 'ревороксобане', 'ривороксобаном', 'ривороксобан', 'ривороксабана', 'ревороксабане', 'ривароксобан', 'ривароксобана', 'ривороксобана', 'ревороксабана', 'ривароксабан', 'ривароксобане', 'ревароксобана', 'ксарелто', 'ревароксобане', 'ревороксабаном', 'ревароксабаном', 'ривороксабан', 'ривароксобаном', 'ревароксобан', 'ривароксабану', 'ревароксабан', 'ревароксабану', 'ривароксабане', 'ревороксобаном', 'ревороксабану', 'ривороксабане', 'ривороксобану', 'ревороксобану', 'ревороксобан', 'ревороксабан']",,ривароксабан,rivaroxaban,rivaroxaban,DB06228
exelon,"['альценорм', 'ривастигмин', 'экселон']","['ривастигмину', 'экселону', 'альценорма', 'экселона', 'альценорму', 'экселоне', 'альценорм', 'альценорме', 'экселон', 'ривастигмине', 'экселоном', 'ривастигмин', 'альценормом', 'ривастигмина', 'ривастигмином']",экселон,ривастигмин,exelon,rivastigmine,DB00989
crestor,"['сувардио', 'роксера', 'крестор', 'акорта', 'розукард', 'розулип', 'розарт', 'розувастатин', 'ро-статин', 'липопрайм', 'кардиолип', 'мертенил', 'розуфаст', 'розистарк', 'рустор', 'тевастор', 'реддистатин']","['крестором', 'розулипом', 'кардиолипа', 'мертениле', 'роксеру', 'розуфаста', 'рустором', 'реддистатину', 'акорты', 'акорта', 'розарт', 'липопрайм', 'роксерой', 'акортой', 'тевасторе', 'реддистатин', 'роксере', 'липопраймом', 'роксеры', 'розартом', 'крестору', 'акорту', 'кардиолипе', 'мертенилу', 'сувардио', 'розарта', 'роксера', 'розувастатина', 'реддистатине', 'крестор', 'ростатино', 'розарту', 'русторе', 'мертенил', 'розарте', 'розистарк', 'рустор', 'липопрайму', 'тевастору', 'рустору', 'реддистатина', 'ростатин', 'розувастатином', 'розувастатину', 'кардиолипом', 'розуфасту', 'липопрайма', 'розукард', 'розувастатин', 'мертенилом', 'розистарке', 'тевастора', 'кардиолип', 'тевастор', 'розуфасте', 'липопрайме', 'розулипе', 'розулипа', 'розуфастом', 'розукарду', 'тевастором', 'розулипу', 'мертенила', 'реддистатином', 'акорте', 'розукардом', 'розулип', 'розистарку', 'рустора', 'крестора', 'розувастатине', 'кресторе', 'розистарком', 'ро-статин', 'розуфаст', 'розукарде', 'кардиолипу', 'розистарка', 'розукарда']",крестор,розувастатин,crestor,rosuvastatin,DB01098
vioxx,"['виокс', 'рофекоксиб']","['рофекоксиба', 'виоксу', 'виокс', 'рофекоксиб', 'рофекоксибе', 'рофекоксибом', 'рофекоксибу', 'виоксе', 'виокса', 'виоксом']",виокс,рофекоксиб,vioxx,rofecoxib,DB00533
advair,"['тевакомб', 'салметерол', 'салтиказон', 'фликсоназе', 'серетид', 'флутиказон', 'серофло', 'сальмекорт', 'эрфлюсал', 'респисальф']","['эрфлюсалу', 'тевакомб', 'тевакомбу', 'флутиказону', 'респисальфе', 'сальмекорте', 'респисальфа', 'флутиказон', 'эрфлюсал', 'салметеролом', 'респисальфом', 'эрфлюсалом', 'салтиказону', 'респисальф', 'сальмекорту', 'салтиказоне', 'салтиказон', 'флутиказоном', 'салтиказона', 'сальмекорта', 'салметерол', 'респисальфу', 'фликсоназе', 'серетид', 'флутиказоне', 'сальмекорт', 'серетиде', 'сальмекортом', 'тевакомбе', 'серетида', 'салметероле', 'серетиду', 'салтиказоном', 'эрфлюсала', 'серетидом', 'тевакомбом', 'салметеролу', 'серофло', 'тевакомба', 'эрфлюсале', 'флутиказона', 'салметерола']",адваир,салметерол + флутиказон,advair,fluticasone propionate + salmeterol,DB00588 + DB00938
ventolin,"['астахалин', 'вертасорт ', 'саламол', 'сорбитал ', 'цибутол', 'сальгим', 'стеринеб ', 'сальбутамола', 'сальбувент ', 'саламол ', 'циклокапс', 'волмакс®', 'вентолин', 'сальбутамол', 'новатрон', 'цибутол ', 'вентокол', 'альбутерол', 'асталин ', 'сальбутабс ', 'алопрол ', 'салмо ', 'сальбен', 'асталин', 'сальтос']","['циклокапса', 'астахалин', 'вентоколу', 'сальгима', 'вертасорт ', 'сальбеном', 'вентолином', 'сорбитал ', 'сальтоса', 'саламола', 'саламол', 'новатроном', 'цибутол', 'стеринеб ', 'новатрону', 'сальгим', 'цибутоле', 'сальбувент ', 'сальбутамола', 'вентоколом', 'сальбутамолой', 'астахалине', 'саламол ', 'альбутеролом', 'цибутолу', 'циклокапс', 'волмакс®', 'вентоколе', 'вентолин', 'альбутерола', 'сальбену', 'циклокапсу', 'сальбене', 'саламолом', 'сальбутамол', 'сальбутамолы', 'новатрон', 'сальбутамолу', 'асталина', 'цибутол ', 'вентокола', 'вентокол', 'сальгиме', 'саламолу', 'новатрона', 'сальбена', 'сальтосом', 'альбутерол', 'асталин ', 'сальгимом', 'новатроне', 'сальбутабс ', 'асталину', 'саламоле', 'астахалину', 'вентолине', 'альбутероле', 'алопрол ', 'астахалином', 'салмо ', 'цибутола', 'сальтосу', 'сальбутамолом', 'сальбутамоле', 'асталином', 'сальбен', 'вентолину', 'альбутеролу', 'асталин', 'сальтосе', 'вентолина', 'циклокапсом', 'сальгиму', 'сальтос', 'циклокапсе', 'асталине', 'астахалина', 'цибутолом']",вентолин,сальбутамол,ventolin,salbutamol,DB01001
albuterol,"['астахалин', 'вертасорт ', 'саламол', 'сорбитал ', 'цибутол', 'сальгим', 'стеринеб ', 'сальбутамола', 'сальбувент ', 'саламол ', 'циклокапс', 'волмакс®', 'вентолин', 'сальбутамол', 'новатрон', 'цибутол ', 'вентокол', 'альбутерол', 'асталин ', 'сальбутабс ', 'алопрол ', 'салмо ', 'сальбен', 'асталин', 'сальтос']","['циклокапса', 'астахалин', 'вентоколу', 'сальгима', 'вертасорт ', 'сальбеном', 'вентолином', 'сорбитал ', 'сальтоса', 'саламола', 'саламол', 'новатроном', 'цибутол', 'стеринеб ', 'новатрону', 'сальгим', 'цибутоле', 'сальбувент ', 'сальбутамола', 'вентоколом', 'сальбутамолой', 'астахалине', 'саламол ', 'альбутеролом', 'цибутолу', 'циклокапс', 'волмакс®', 'вентоколе', 'вентолин', 'альбутерола', 'сальбену', 'циклокапсу', 'сальбене', 'саламолом', 'сальбутамол', 'сальбутамолы', 'новатрон', 'сальбутамолу', 'асталина', 'цибутол ', 'вентокола', 'вентокол', 'сальгиме', 'саламолу', 'новатрона', 'сальбена', 'сальтосом', 'альбутерол', 'асталин ', 'сальгимом', 'новатроне', 'сальбутабс ', 'асталину', 'саламоле', 'астахалину', 'вентолине', 'альбутероле', 'алопрол ', 'астахалином', 'салмо ', 'цибутола', 'сальтосу', 'сальбутамолом', 'сальбутамоле', 'асталином', 'сальбен', 'вентолину', 'альбутеролу', 'асталин', 'сальтосе', 'вентолина', 'циклокапсом', 'сальгиму', 'сальтос', 'циклокапсе', 'асталине', 'астахалина', 'цибутолом']",,сальбутамол,albuterol,salbutamol,DB01001
meridia,"['сибутрамин', 'слимия', 'меридиа', 'голдлайн', 'линдакса', 'редуксин']","['голдлайну', 'линдаксы', 'меридиы', 'меридиа', 'сибутрамина', 'сибутрамином', 'линдаксе', 'сибутрамин', 'линдаксой', 'редуксином', 'редуксина', 'редуксин', 'слимии', 'слимией', 'сибутрамине', 'голдлайна', 'голдлайном', 'слимия', 'голдлайне', 'линдаксу', 'меридие', 'редуксине', 'слимию', 'линдакса', 'меридиой', 'сибутрамину', 'редуксину', 'меридиу', 'голдлайн']",меридиа,сибутрамин,meridia,sibutramine,DB01105
sildenafil,"['ревацио', 'камагра', 'эрексезил', 'риджамп', 'вилдегра', 'инвида', 'силденафил', 'динамико', 'вигранде', 'торнетис', 'силафил', 'максигра', 'виатайл', 'силден', 'виагра', 'виасан', 'олмакс', 'камастил', 'сеалекс', 'вивайра', 'ювена', 'таксиер', 'джент', 'визарсин']","['камагры', 'камагру', 'камагра', 'камагре', 'инвида', 'эрексезиле', 'инвиды', 'камагрой', 'торнетис', 'дженту', 'дженте', 'вивайрой', 'виасана', 'силденафилу', 'ювены', 'силдене', 'максигра', 'силден', 'олмаксе', 'риджампе', 'вилдегры', 'риджампу', 'сеалекс', 'вивайра', 'сеалекса', 'виатайлу', 'силденафила', 'ювену', 'олмаксу', 'виагры', 'сеалексом', 'силафилом', 'торнетисом', 'силдену', 'виатайлом', 'эрексезилом', 'силденафилом', 'торнетиса', 'силденом', 'силдена', 'виагру', 'камастилу', 'виагре', 'силафила', 'олмакса', 'силафилу', 'сеалексе', 'ювеной', 'ревацио', 'камастилом', 'максигру', 'вилдегре', 'эрексезил', 'риджампа', 'визарсине', 'вивайре', 'силденафил', 'динамико', 'силафиле', 'максигрой', 'вивайру', 'визарсина', 'силафил', 'силденафиле', 'сеалексу', 'таксиеру', 'инвиду', 'максигре', 'олмакс', 'виасаном', 'камастил', 'визарсину', 'торнетисе', 'таксиером', 'визарсин', 'торнетису', 'риджампом', 'виасане', 'инвиде', 'риджамп', 'вилдегра', 'вилдегру', 'вигранде', 'эрексезилу', 'таксиера', 'виасану', 'камастила', 'вилдегрой', 'виагрой', 'джента', 'таксиере', 'виатайл', 'виатайла', 'виагра', 'олмаксом', 'вивайры', 'виасан', 'визарсином', 'ювене', 'максигры', 'эрексезила', 'инвидой', 'ювена', 'таксиер', 'камастиле', 'джент', 'джентом', 'виатайле']",силденафил,силденафил,sildenafil,sildenafil,DB00203
januvia,"['кселевия', 'ситаглиптин', 'яситара', 'янувия']","['ситаглиптином', 'ситаглиптину', 'яситару', 'ситаглиптина', 'ситаглиптине', 'яситарой', 'янувии', 'кселевию', 'яситары', 'янувию', 'яситара', 'ситаглиптин', 'кселевии', 'яситаре', 'кселевия', 'янувией', 'кселевией', 'янувия']",янувия,ситаглиптин,januvia,sitagliptin,DB01261
temazepam,"['сигнопам', 'темазепам']","['сигнопама', 'сигнопаме', 'темазепам', 'сигнопам', 'сигнопаму', 'темазепаме', 'темазепама', 'темазепамом', 'сигнопамом', 'темазепаму']",темазепам,темазепам,temazepam,temazepam,DB00231
spiriva,"['тиотропиум', 'спирива', 'тиотропия', 'спирив']","['тиотропиум', 'спиривы', 'тиотропия', 'спиривой', 'спирива', 'спириве', 'тиотропию', 'тиотропии', 'тиотропией', 'спириву', 'спирив', 'тиотропиуме', 'тиотропиуму', 'тиотропиума', 'тиотропиумом', 'спиривом']",спирива,тиотропия бромид,spiriva,tiotropium,DB01409
trazodone,"['трозадон', 'троcодон', 'тразодон', 'тразадон', 'треттико', 'траcодон', 'триттико', 'троcадон', 'трозодон', 'траcадон']","['троcодоне', 'траcодона', 'троcодоном', 'траcодоне', 'троcодон', 'тразодоне', 'трозадоне', 'траcодону', 'троcодону', 'троcадоном', 'троcадоне', 'троcодона', 'тразадона', 'триттико', 'троcадону', 'трозодона', 'трозодон', 'тразодоном', 'трозадон', 'траcадона', 'тразодон', 'траcодон', 'траcодоном', 'траcадоном', 'трозодону', 'тразадоном', 'трозадоном', 'тразадоне', 'тразадону', 'троcадона', 'трозодоном', 'тразадон', 'тразодона', 'треттико', 'траcадоне', 'трозодоне', 'траcадону', 'троcадон', 'траcадон', 'трозадону', 'трозадона', 'тразодону']",тразодон,тразодон,trazodone,trazodone,DB00656
antara,"['липантил', 'антара', 'экслип', 'грофибрат', 'трайкор', 'фенофибрат']","['фенофибрате', 'трайкора', 'антаре', 'антары', 'фенофибрата', 'экслипом', 'трайкор', 'фенофибрат', 'грофибрате', 'грофибрата', 'фенофибрату', 'грофибрат', 'экслипа', 'экслипе', 'трайкору', 'трайкором', 'липантила', 'трайкоре', 'липантилом', 'экслип', 'грофибрату', 'липантиле', 'грофибратом', 'липантил', 'антару', 'антарой', 'экслипу', 'фенофибратом', 'антара', 'липантилу']",антара,фенофибрат,antara,fenofibrate,DB01039
prozac,"['продеп', 'флунисан', 'флуксонил', 'флуоксетина', 'фрамекс', 'флоксэт', 'профлузак', 'флуоксетин', 'депренон', 'депрекс', 'прозак', 'флувал']","['флуксонил', 'фрамексом', 'депренону', 'продепу', 'депрексе', 'депренона', 'флуоксетиной', 'флуоксетине', 'флуоксетину', 'депрекса', 'флоксэте', 'флоксэтом', 'продеп', 'профлузаком', 'флунисан', 'фрамекс', 'прозаку', 'депрексом', 'депреноном', 'профлузаку', 'флоксэт', 'продепа', 'флунисане', 'фрамексе', 'фрамекса', 'флувал', 'фрамексу', 'флоксэту', 'депреноне', 'флуоксетины', 'депрексу', 'прозака', 'флунисану', 'флуксонила', 'профлузаке', 'флоксэта', 'продепом', 'флуоксетина', 'флунисана', 'флувалу', 'флуксониле', 'депренон', 'продепе', 'флувалом', 'прозаком', 'флуксонилу', 'профлузака', 'флуоксетином', 'флувала', 'профлузак', 'прозаке', 'флунисаном', 'флуксонилом', 'флуоксетин', 'депрекс', 'прозак', 'флувале']",прозак,флуоксетин,prozac,fluoxetine,DB00472
fluoxetine,"['продеп', 'флунисан', 'флуксонил', 'флуоксетина', 'фрамекс', 'флоксэт', 'профлузак', 'флуоксетин', 'депренон', 'депрекс', 'прозак', 'флувал']","['флуксонил', 'фрамексом', 'депренону', 'продепу', 'депрексе', 'депренона', 'флуоксетиной', 'флуоксетине', 'флуоксетину', 'депрекса', 'флоксэте', 'флоксэтом', 'продеп', 'профлузаком', 'флунисан', 'фрамекс', 'прозаку', 'депрексом', 'депреноном', 'профлузаку', 'флоксэт', 'продепа', 'флунисане', 'фрамексе', 'фрамекса', 'флувал', 'фрамексу', 'флоксэту', 'депреноне', 'флуоксетины', 'депрексу', 'прозака', 'флунисану', 'флуксонила', 'профлузаке', 'флоксэта', 'продепом', 'флуоксетина', 'флунисана', 'флувалу', 'флуксониле', 'депренон', 'продепе', 'флувалом', 'прозаком', 'флуксонилу', 'профлузака', 'флуоксетином', 'флувала', 'профлузак', 'прозаке', 'флунисаном', 'флуксонилом', 'флуоксетин', 'депрекс', 'прозак', 'флувале']",флуоксетин,флуоксетин,fluoxetine,fluoxetine,DB00472
cipro,"['ифиципро', 'ципропан', 'цифран', 'алципро', 'ципробрин', 'цифлоксинал', 'ципролет', 'ципромед', 'реципро', 'ципробид', 'офтоципро', 'ципробай', 'цифлокс', 'квипро', 'ципросан', 'экоцифол', 'цифрацид', 'ципросол', 'нирцип', 'ципрофлоксацин', 'ципросин', 'цилоксан', 'проципро', 'квинтор', 'роцип', 'ципролон', 'ципрофлоксабол', 'афеноксин', 'ципроксил', 'липрохин', 'микрофлокс', 'бетаципрол', 'ципролакэр', 'цепрова', 'ципродокс', 'цитерал', 'басиджен', 'сифлокс', 'ципринол', 'медоциприн']","['ифиципро', 'цифран', 'алципро', 'цифлоксиналу', 'ципробрин', 'цифлоксинал', 'ципромед', 'роципом', 'ципробиду', 'липрохином', 'афеноксином', 'квинтором', 'ципросаном', 'экоцифоле', 'ципроксилу', 'сифлоксу', 'микрофлокса', 'квинтора', 'циприноле', 'цифлокс', 'ципролету', 'ципролетом', 'цепровой', 'ципромедом', 'ципролакэра', 'цепрове', 'ципролоном', 'цифлоксинала', 'нирцип', 'сифлоксом', 'цитералу', 'липрохине', 'ципроксилом', 'квинторе', 'ципрофлоксацину', 'ципрофлоксаболе', 'ципросином', 'роципа', 'роцип', 'ципролакэру', 'ципролон', 'ципринолу', 'ципробрина', 'афеноксина', 'микрофлоксу', 'ципринол', 'ципролете', 'ципромеде', 'ципринола', 'роципу', 'цифлоксом', 'ципросана', 'ципробаю', 'ципросола', 'ципроксиле', 'ципропану', 'ципросолу', 'ципробидом', 'офтоципро', 'ципробай', 'ципродокса', 'цифлокса', 'нирципе', 'цифрану', 'цифрацида', 'бетаципролом', 'микрофлоксом', 'квинтору', 'ципромеда', 'медоциприну', 'цилоксана', 'ципролакэре', 'ципросина', 'ципролета', 'ципробиде', 'сифлоксе', 'квинтор', 'липрохин', 'ципрофлоксаболом', 'цифрана', 'ципробрину', 'ципросине', 'микрофлокс', 'бетаципрол', 'цифрацидом', 'сифлокс', 'ципросану', 'медоциприн', 'ципродоксом', 'ципролоне', 'ципропан', 'ципроксила', 'ципробаем', 'экоцифола', 'ципромеду', 'цилоксану', 'микрофлоксе', 'бетаципрола', 'ципролет', 'реципро', 'ципропана', 'ципролакэром', 'роципе', 'цифлоксинале', 'цепровы', 'ципробид', 'ципролона', 'квипро', 'ципросан', 'цифрацид', 'бетаципролу', 'басиджена', 'ципросин', 'цилоксан', 'цилоксаном', 'ципробрином', 'цифрациде', 'ципринолом', 'ципросину', 'ципробида', 'ципроксил', 'цифране', 'ципропане', 'ципросане', 'нирципом', 'ципрофлоксацином', 'цифраном', 'ципрофлоксацине', 'цепрова', 'медоциприном', 'басиджен', 'цифлоксиналом', 'ципросоле', 'цифлоксе', 'ципродоксе', 'афеноксине', 'басиджене', 'ципробрине', 'цитерале', 'ципробая', 'ципропаном', 'ципробае', 'цифрациду', 'бетаципроле', 'цифлоксу', 'басидженом', 'нирципа', 'экоцифол', 'сифлокса', 'ципросол', 'ципрофлоксацин', 'басиджену', 'цепрову', 'медоциприне', 'ципрофлоксабола', 'цилоксане', 'проципро', 'ципрофлоксаболу', 'ципролону', 'ципросолом', 'медоциприна', 'цитералом', 'ципрофлоксабол', 'афеноксин', 'нирципу', 'липрохину', 'экоцифолом', 'ципродоксу', 'липрохина', 'ципролакэр', 'ципродокс', 'цитерал', 'экоцифолу', 'цитерала', 'ципрофлоксацина', 'афеноксину']",ципрофлоксацин,ципрофлоксацин,cipro,ciprofloxacin,DB00537
ciprofloxacin,"['ифиципро', 'ципропан', 'цифран', 'алципро', 'ципробрин', 'цифлоксинал', 'ципролет', 'ципромед', 'реципро', 'ципробид', 'офтоципро', 'ципробай', 'цифлокс', 'квипро', 'ципросан', 'экоцифол', 'цифрацид', 'ципросол', 'нирцип', 'ципрофлоксацин', 'ципросин', 'цилоксан', 'проципро', 'квинтор', 'роцип', 'ципролон', 'ципрофлоксабол', 'афеноксин', 'ципроксил', 'липрохин', 'микрофлокс', 'бетаципрол', 'ципролакэр', 'цепрова', 'ципродокс', 'цитерал', 'басиджен', 'сифлокс', 'ципринол', 'медоциприн']","['ифиципро', 'цифран', 'алципро', 'цифлоксиналу', 'ципробрин', 'цифлоксинал', 'ципромед', 'роципом', 'ципробиду', 'липрохином', 'афеноксином', 'квинтором', 'ципросаном', 'экоцифоле', 'ципроксилу', 'сифлоксу', 'микрофлокса', 'квинтора', 'циприноле', 'цифлокс', 'ципролету', 'ципролетом', 'цепровой', 'ципромедом', 'ципролакэра', 'цепрове', 'ципролоном', 'цифлоксинала', 'нирцип', 'сифлоксом', 'цитералу', 'липрохине', 'ципроксилом', 'квинторе', 'ципрофлоксацину', 'ципрофлоксаболе', 'ципросином', 'роципа', 'роцип', 'ципролакэру', 'ципролон', 'ципринолу', 'ципробрина', 'афеноксина', 'микрофлоксу', 'ципринол', 'ципролете', 'ципромеде', 'ципринола', 'роципу', 'цифлоксом', 'ципросана', 'ципробаю', 'ципросола', 'ципроксиле', 'ципропану', 'ципросолу', 'ципробидом', 'офтоципро', 'ципробай', 'ципродокса', 'цифлокса', 'нирципе', 'цифрану', 'цифрацида', 'бетаципролом', 'микрофлоксом', 'квинтору', 'ципромеда', 'медоциприну', 'цилоксана', 'ципролакэре', 'ципросина', 'ципролета', 'ципробиде', 'сифлоксе', 'квинтор', 'липрохин', 'ципрофлоксаболом', 'цифрана', 'ципробрину', 'ципросине', 'микрофлокс', 'бетаципрол', 'цифрацидом', 'сифлокс', 'ципросану', 'медоциприн', 'ципродоксом', 'ципролоне', 'ципропан', 'ципроксила', 'ципробаем', 'экоцифола', 'ципромеду', 'цилоксану', 'микрофлоксе', 'бетаципрола', 'ципролет', 'реципро', 'ципропана', 'ципролакэром', 'роципе', 'цифлоксинале', 'цепровы', 'ципробид', 'ципролона', 'квипро', 'ципросан', 'цифрацид', 'бетаципролу', 'басиджена', 'ципросин', 'цилоксан', 'цилоксаном', 'ципробрином', 'цифрациде', 'ципринолом', 'ципросину', 'ципробида', 'ципроксил', 'цифране', 'ципропане', 'ципросане', 'нирципом', 'ципрофлоксацином', 'цифраном', 'ципрофлоксацине', 'цепрова', 'медоциприном', 'басиджен', 'цифлоксиналом', 'ципросоле', 'цифлоксе', 'ципродоксе', 'афеноксине', 'басиджене', 'ципробрине', 'цитерале', 'ципробая', 'ципропаном', 'ципробае', 'цифрациду', 'бетаципроле', 'цифлоксу', 'басидженом', 'нирципа', 'экоцифол', 'сифлокса', 'ципросол', 'ципрофлоксацин', 'басиджену', 'цепрову', 'медоциприне', 'ципрофлоксабола', 'цилоксане', 'проципро', 'ципрофлоксаболу', 'ципролону', 'ципросолом', 'медоциприна', 'цитералом', 'ципрофлоксабол', 'афеноксин', 'нирципу', 'липрохину', 'экоцифолом', 'ципродоксу', 'липрохина', 'ципролакэр', 'ципродокс', 'цитерал', 'экоцифолу', 'цитерала', 'ципрофлоксацина', 'афеноксину']",ципрофлоксацин,ципрофлоксацин,ciprofloxacin,ciprofloxacin,DB00537
nexium,"['эманера', 'карбиэль', 'пемозар', 'нео-зекст', 'эзомепразол', 'редиомез', 'эмезол', 'нексиум', 'нексиум ']","['эманера', 'карбиэлью', 'карбиэля', 'пемозаре', 'эмезоле', 'эманерой', 'нексиум ', 'карбиэли', 'редиомезом', 'эмезолу', 'редиомезу', 'пемозар', 'нексиуме', 'эманеры', 'эмезолом', 'нексиуму', 'редиомеза', 'эзомепразолу', 'эзомепразола', 'эмезола', 'эмезол', 'эманеру', 'эманере', 'эзомепразоле', 'редиомезе', 'эзомепразолом', 'неозекст', 'карбиэль', 'нексиумом', 'пемозаром', 'нео-зекст', 'пемозару', 'эзомепразол', 'редиомез', 'нексиума', 'неозексто', 'нексиум', 'пемозара']",нексиум,эзомепразол,nexium,esomeprazole,DB00736
lunesta,['эсзопиклон'],"['эсзопиклона', 'эсзопиклону', 'эсзопиклоне', 'эсзопиклоном', 'эсзопиклон']",,эсзопиклон,lunesta,eszopiclone,DB00402
enbrel,"['этанерцепт', 'энбрел']","['энбрелу', 'этанерцепте', 'этанерцепт', 'энбрелом', 'этанерцепта', 'этанерцепту', 'энбрел', 'этанерцептом', 'энбрела', 'энбреле']",энбрел,этанерцепт,enbrel,etanercept,DB00005
nuvaring,"['новаринг', 'этинилэстрадиол', 'этоногестрел']","['этоногестреле', 'этинилэстрадиола', 'этинилэстрадиоле', 'этоногестрелом', 'этинилэстрадиолу', 'новаринга', 'этоногестрела', 'новарингу', 'новаринге', 'этоногестрелу', 'новарингом', 'новаринг', 'этоногестрел', 'этинилэстрадиол', 'этинилэстрадиолом']",новаринг,этинилэстрадиол + этоногестрел,nuvaring,etonogestrel + ethinylestradiol,DB00294 + DB00977
suboxone,"['бупренорфин', 'бупранал', 'транстек', 'нопан']","['транстеке', 'бупренорфину', 'бупраналу', 'бупранале', 'бупренорфином', 'бупраналом', 'нопана', 'бупренорфин', 'бупранала', 'нопан', 'транстека', 'нопане', 'бупранал', 'транстеку', 'транстеком', 'бупренорфина', 'нопану', 'бупренорфине', 'транстек', 'нопаном']",,бупренорфин,suboxone,buprenorphine + naloxone,DB00921 + DB01183
latuda,"['латуд', 'латуда', 'луразидон']","['луразидоне', 'луразидоном', 'латуду', 'луразидону', 'латуда', 'латудой', 'латудом', 'латуды', 'луразидон', 'луразидона', 'латуд', 'латуде']",,луразидон,latuda,lurasidone,DB08815
thalidomide,"['теназадрин', 'контерган', 'талидомид', 'софтенон']","['теназадрина', 'контергане', 'теназадрином', 'контергана', 'теназадрин', 'талидомиде', 'теназадрине', 'талидомида', 'контерган', 'талидомидом', 'талидомид', 'софтенон', 'теназадрину', 'софтенона', 'талидомиду', 'софтеноне', 'софтенону', 'софтеноном', 'контерганом', 'контергану']", талидомид,талидомид,thalidomide,thalidomide,DB01041
boniva,"['бонвива', 'ибандронат', 'виванат', 'бондронат', 'резовива']","['бондронатом', 'бондронату', 'бондроната', 'ибандронате', 'резовива', 'бонвиве', 'резовиве', 'ибандронату', 'бонвива', 'бонвивы', 'бонвиву', 'резовивой', 'ибандроната', 'виванате', 'ибандронат', 'виванатом', 'виваната', 'резовивы', 'бонвивой', 'виванат', 'бондронате', 'резовиву', 'бондронат', 'виванату', 'ибандронатом']",,ибандроновая кислота ,boniva,ibandronate,DB00710
miralax,[],[],,полиэтиленгликоль,miralax,polyethylene glycol,DB09287
oxycodone,"['таргин', 'оксикодон']","['таргином', 'таргина', 'таргине', 'таргину', 'оксикодону', 'оксикодоном', 'таргин', 'оксикодоне', 'оксикодон', 'оксикодона']", оксикодон,оксикодон,oxycodone,oxycodone,DB00497
lamotrigine,"['конвульсан', 'ламотриджин', 'сейзар', 'ламитор', 'ламептил', 'ламиктал', 'ламолеп', 'ламотрикс']","['ламолепом', 'сейзаром', 'сейзара', 'ламолепе', 'конвульсаном', 'ламитором', 'ламитору', 'ламептила', 'ламолеп', 'ламиктала', 'ламитора', 'ламотрикс', 'конвульсан', 'ламотриджин', 'сейзар', 'ламептилом', 'ламотриксом', 'ламиторе', 'ламептил', 'конвульсану', 'ламотриджину', 'ламептиле', 'сейзару', 'ламотриксу', 'ламикталом', 'ламолепа', 'ламиктал', 'ламотриджине', 'ламептилу', 'ламиктале', 'конвульсана', 'ламотриджина', 'ламитор', 'ламотриджином', 'ламикталу', 'ламолепу', 'конвульсане', 'ламотриксе', 'ламотрикса', 'сейзаре']", ламотриджин,ламотриджин,lamotrigine,lamotrigine,DB00555
